{
  "project_info": {
    "project_number": "502593376342",
    "firebase_url": "https://izway-b9e70.firebaseio.com",
    "project_id": "izway-b9e70",
    "storage_bucket": "izway-b9e70.appspot.com"
  },
  "client": [
    {
      "client_info": {
        "mobilesdk_app_id": "1:502593376342:android:776fd74079fa5c8bbdebf7",
        "android_client_info": {
          "package_name": "com.ozyilmaz.izway"
        }
      },
      "oauth_client": [
        {
          "client_id": "502593376342-0496oe8q019cm7ubfm4uqchf7fheooun.apps.googleusercontent.com",
          "client_type": 3
        }
      ],
      "api_key": [
        {
          "current_key": "AIzaSyA9VjHSudxC3oWPize__f51FXiIYT_elUk"
        }
      ],
      "services": {
        "appinvite_service": {
          "other_platform_oauth_client": [
            {
              "client_id": "502593376342-0496oe8q019cm7ubfm4uqchf7fheooun.apps.googleusercontent.com",
              "client_type": 3
            }
          ]
        }
      }
    }
  ],
  "configuration_version": "1"
}